State,Number,Letter,Value
AL,120,G,$0.35
AL,120,J,$1.00
AL,120,K,$1.00
AL,190,B,$1.00
AL,220,A,$2.00
AL,220,G,$0.25
AL,220,H,$0.25
AL,220,I,$0.35
AL,220,L,$0.25
AL,370,A,$0.25
AL,560,T,$0.50
AL,560,Y,$0.25
AL,560,Z,$0.50
AL,570,F,$0.25
AL,740,A,$0.50
AL,800,F,$0.25
AL,800,G,$1.00
AK,50,A,$1.00
AK,50,D,$1.00
AK,50,H,$2.50
AK,50,J,$1.50
AK,190,E,$1.00
AK,300,E,$3.00
AK,300,I,$2.00
AK,300,S,$2.25
AK,400,B,$2.00
AK,400,C,$1.25
AK,400,D,$1.25
AK,450,A,$4.00
AZ,80,A,$0.35
AZ,80,B,$0.35
AZ,80,C,$0.35
AZ,280,A,$0.50
AZ,375,C,$3.00
AZ,640,B,$0.25
AZ,640,C,$0.25
AZ,640,G,$0.60
AZ,640,H,$0.60
AZ,840,A,$0.50
AZ,840,B,$0.50
AZ,840,Cb,$0.50
AZ,840,E,$0.35
AZ,840,F,$0.50
AZ,840,G,$0.50
AZ,840,J,$1.50
AR,300,F,$8.50
AR,360,E,$0.35
AR,360,F,$0.35
AR,360,G,$0.35
AR,360,K,$1.00
AR,435,J,$0.25
AR,435,K,$0.25
AR,435,P,$3.00
AR,435,Q,$1.00
AR,450,B,$0.50
AR,480,C,$0.35
AR,480,P,$0.50
AR,480,Q,$0.35
AR,480,S,$0.75
CA,25,A,$6.00
CA,105,A,$8.50
CA,110,C,$2.50
CA,240,A,$0.35
CA,245,B,$2.25
CA,245,C,$2.00
CA,255,B,$0.50
CA,275,C,$0.25
CA,295,A,$1.00
CA,300,F,$0.25
CA,300,K,$0.25
CA,300,N,$0.35
CA,300,P,$0.50
CA,310,A,$0.50
CA,320,A,$0.25
CA,320,B,$0.25
CA,320,J,$0.25
CA,340,A,$1.00
CA,375,A,$1.00
CA,375,C,$2.00
CA,375,D,$1.25
CA,435,B,$0.50
CA,445,B,$0.35
CA,445,C,$0.25
CA,445,D,$0.25
CA,445,E,$0.25
CA,445,F,$0.35
CA,450,B,$0.25
CA,450,D,$4.00
CA,450,H,$0.35
CA,450,J,$0.25
CA,450,K,$0.35
CA,450,O,$0.35
CA,450,T,$4.00
CA,450,AH,$2.00
CA,450,AL,$2.00
CA,450,AM,$2.00
CA,450,AS,$2.00
CA,450,AT,$2.00
CA,450,BL,$2.00
CA,525,C,$0.25
CA,560,D,$1.00
CA,560,E,$2.00
CA,560,F,$2.00
CA,575,E,$0.35
CA,575,I,$0.35
CA,575,J,$0.25
CA,575,K,$0.25
CA,575,L,$0.25
CA,575,M,$0.25
CA,575,N,$0.25
CA,575,P,$0.25
CA,575,Q,$0.35
CA,575,R,$0.35
CA,590,A,$0.35
CA,620,B,$15.00
CA,630,G,$0.25
CA,710,A,$2.00
CA,712,A,$1.50
CA,712,B,$0.40
CA,712,C,$1.00
CA,712,D,$1.00
CA,715,J,$0.25
CA,715,M,$0.25
CA,715,P,$0.25
CA,715,Q,$0.25
CA,715,U,$0.35
CA,715,V,$0.35
CA,715,AB,$0.35
CA,715,AC,$0.35
CA,715,AE,$12.00
CA,730,C,$1.00
CA,740,A,$1.10
CA,740,B,$0.75
CA,745,M,$0.25
CA,745,O,$0.25
CA,745,Q,$0.25
CA,745,S,$0.25
CA,745,T,$0.25
CA,745,U,$0.25
CA,745,W,$1.25
CA,745,Y,$5.00
CA,745,Z,$1.50
CA,745,AA,$1.50
CA,745,AE,$2.00
CA,745,AF,$2.00
CA,760,D,$0.35
CA,760,E,$0.35
CA,760,F,$1.00
CA,760,G,$3.00
CA,760,H,$2.50
CA,760,J,$2.50
CA,760,L,$5.00
CA,760,O,$4.50
CA,760,W,$2.00
CA,775,F,$0.25
CA,775,J,$0.25
CA,775,M,$8.50
CA,775,N,$1.25
CA,775,O,$0.70
CA,775,P,$4.00
CA,775,Q,$2.50
CA,775,R,$2.00
CA,805,C,$1.00
CA,815,E,$0.25
CA,815,G,$0.35
CA,825,F,$0.35
CA,825,F,$0.25
CA,830,A,$1.00
CA,835,D,$0.35
CA,835,G,$0.45
CA,835,J,$0.45
CA,895,A,$0.35
CA,895,B,$0.25
CA,895,C,$0.25
CA,895,D,$0.25
CA,895,O,$1.00
CA,915,A,$0.75
CA,915,B,$1.00
CA,915,C,$1.00
CA,940,B,$1.00
CA,940,C,$0.75
CA,940,D,$0.75
CA,940,F,$1.00
CA,945,A,$0.25
CA,945,B,$0.25
CA,945,C,$0.25
CA,945,D,$0.25
CA,945,E,$0.25
CA,945,F,$0.25
CA,945,I,$7.50
CA,945,J,$0.25
CA,945,N,$0.50
CA,955,Aa,$1.00
CA,955,Ab,$1.00
CA,955,E,$1.00
CA,955,H,$2.00
CA,955,I,$1.00
CA,955,J,$1.00
CA,970,A,$1.00
CA,995,A,$0.35
CA,995,B,$0.50
CA,995,C,$0.50
CA,1000,AA,$0.50
CA,1000,AB,$0.50
CA,1000,AU,$1.00
CA,1000,AV,$1.00
CA,1000,AW,$1.00
CA,1000,AZ,$1.00
CA,1000,BA,$1.00
CA,1000,BB,$1.00
CA,1000,BCa,$1.00
CA,1000,BD,$1.00
CA,1000,BF,$1.00
CA,1000,BI,$1.00
CA,1000,BJ,$1.00
CA,1000,BL,$1.00
CO,30,A,$2.00
CO,40,H,$1.00
CO,45,A,$2.00
CO,45,B,$2.00
CO,45,C,$2.00
CO,45,D,$3.00
CO,60,A,$0.35
CO,60,B,$0.35
CO,110,A,$0.35
CO,110,K,$0.50
CO,110,L,$0.50
CO,110,M,$0.50
CO,110,N,$0.50
CO,120,A,$0.25
CO,140,B,$0.35
CO,140,D,$0.35
CO,140,E,$0.35
CO,140,F,$0.35
CO,140,G,$0.35
CO,140,H,$0.35
CO,140,L,$0.75
CO,260,A,$0.25
CO,260,B,$4.00
CO,260,D,$0.35
CO,260,H,$0.25
CO,260,I,$0.25
CO,260,J,$0.25
CO,260,K,$0.25
CO,260,L,$0.75
CO,260,P,$6.00
CO,260,Q,$7.00
CO,260,R,$0.35
CO,260,S,$0.60
CO,260,T,$0.50
CO,260,V,$1.00
CO,260,X,$3.50
CO,280,C,$12.00
CO,300,D,$0.25
CO,340,B,$0.35
CO,340,E,$0.35
CO,340,H,$1.80
CO,340,K,$1.80
CO,340,L,$1.80
CO,340,M,$1.00
CO,340,N,$1.00
CO,340,O,$1.00
CO,340,Q,$2.00
CO,440,E,$4.00
CO,460,E,$1.00
CO,500,A,$1.00
CO,600,A,$4.50
CO,680,C,$1.00
CO,690,A,$0.50
CO,760,B,$0.50
CO,760,D,$0.35
CO,760,E,$0.35
CO,760,N,$0.50
CO,830,C,$9.00
CO,830,D,$8.50
CO,830,E,$7.50
CO,830,F,$7.00
CO,830,G,$6.50
CO,830,H,$6.50
CO,830,I,$6.00
CO,830,J,$5.00
CO,830,K,$5.00
CO,830,L,$4.50
CO,830,M,$4.00
CO,830,O,$3.00
CO,840,A,$0.50
CT,35,B,$0.35
CT,35,E,$0.25
CT,35,F,$0.35
CT,35,G,$0.25
CT,35,H,$2.50
CT,35,K,$0.50
CT,35,M,$8.50
CT,35,O,$0.60
CT,35,P,$1.10
CT,40,A,$0.35
CT,40,B,$0.25
CT,70,A,$0.35
CT,85,A,$0.25
CT,130,C,$1.00
CT,210,A,$0.35
CT,210,B,$0.35
CT,210,F,$1.00
CT,210,G,$1.50
CT,210,J,$1.25
CT,240,B,$7.50
CT,290,C,$2.00
CT,290,H,$0.35
CT,290,I,$0.25
CT,290,J,$0.25
CT,290,L,$0.25
CT,290,N,$0.35
CT,305,E,$0.75
CT,305,N,$0.25
CT,305,O,$0.25
CT,305,P,$1.00
CT,305,Q,$1.00
CT,305,R,$0.35
CT,320,Ba,$2.00
CT,320,C,$1.00
CT,340,A,$1.00
CT,345,A,$3.50
CT,415,A,$2.00
CT,520,A,$0.35
CT,520,B,$0.35
CT,520,C,$1.00
CT,520,E,$0.35
CT,550,E,$6.00
CT,550,F,$7.00
CT,560,A,$0.50
CT,560,C,$1.00
CT,560,D,$1.00
CT,560,G,$0.25
DE,900,C,$2.00
DE,900,D,$2.00
DE,900,E,$2.00
DC,500,C,$0.25
DC,500,D,$2.50
DC,500,E,$4.00
DC,500,Ib,$3.50
DC,500,K,$0.35
DC,500,P,$0.25
DC,500,Q,$0.25
DC,500,R,$0.25
DC,500,S,$0.25
DC,500,T,$0.25
DC,500,U,$0.50
DC,500,V,$0.50
DC,500,W,$0.50
DC,500,X,$0.50
DC,500,Y,$0.25
DC,500,Z,$0.25
DC,500,AA,$0.25
DC,500,AB,$0.35
DC,500,AC,$0.35
DC,500,AD,$0.35
DC,500,AL,$0.50
DC,500,AM,$0.35
DC,500,AN,$0.25
DC,500,AO,$0.35
DC,500,AQ,$2.75
DC,997,B,$3.00
FL,60,C,$0.25
FL,91,A,$2.00
FL,92,E,$1.25
FL,93,A,$0.25
FL,93,B,$1.00
FL,105,C,$0.35
FL,105,E,$0.25
FL,105,F,$1.00
FL,130,B,$0.35
FL,130,C,$0.35
FL,130,D,$0.35
FL,180,D,$0.25
FL,260,A,$0.25
FL,300,L,$0.50
FL,315,A,$1.75
FL,380,A,$0.50
FL,380,L,$0.25
FL,380,M,$1.00
FL,380,N,$0.25
FL,380,T,$0.25
FL,380,X,$2.00
FL,380,Z,$1.00
FL,410,A,$6.00
FL,440,A,$0.50
FL,460,A,$0.25
FL,460,B,$0.25
FL,530,C,$0.25
FL,530,D,$0.25
FL,530,F,$0.25
FL,530,H,$0.25
FL,530,I,$1.25
FL,622,A,$1.50
FL,671,A,$2.00
FL,671,B,$2.00
FL,671,C,$2.00
FL,671,D,$2.00
FL,671,E,$2.00
FL,690,A,$0.35
FL,690,B,$0.35
FL,710,B,$0.25
FL,710,C,$0.25
FL,710,E,$0.25
FL,840,D,$0.25
FL,840,E,$0.50
FL,840,H,$0.25
FL,880,C,$0.35
FL,880,D,$0.35
FL,880,K,$1.00
FL,880,M,$1.00
FL,885,A,$1.00
FL,885,B,$0.50
FL,885,C,$0.50
FL,900,B,$0.75
FL,900,C,$0.75
FL,900,D,$0.75
FL,900,E,$0.75
FL,900,F,$0.75
FL,900,G,$0.75
FL,900,H,$0.75
FL,900,I,$0.75
FL,910,E,$0.75
FL,910,H,$0.75
FL,910,I,$0.75
FL,910,M,$2.00
FL,930,A,$0.25
FL,930,B,$0.25
FL,1000,K,$5.00
GA,60,J,$0.25
GA,60,K,$0.25
GA,60,L,$0.25
GA,60,O,$1.00
GA,60,R,$0.25
GA,60,S,$0.25
GA,60,T,$0.25
GA,60,AD,$1.75
GA,60,AH,$1.75
GA,60,AI,$1.75
GA,60,AK,$1.75
GA,60,AL,$1.75
GA,60,AM,$1.75
GA,60,AO,$1.75
GA,70,A,$0.75
GA,70,B,$0.25
GA,70,D,$0.25
GA,70,E,$0.25
GA,200,A,$0.35
GA,240,A,$4.00
GA,240,E,$0.25
GA,450,A,$0.25
GA,450,B,$0.25
GA,540,B,$0.25
GA,580,D,$0.25
GA,580,E,$0.25
GA,580,F,$0.25
GA,580,G,$0.25
GA,630,D,$2.50
GA,780,A,$0.35
GA,780,B,$0.25
GA,780,C,$0.25
GA,780,D,$0.25
GA,780,E,$0.25
GA,780,F,$0.25
GA,780,G,$0.25
GA,780,H,$0.25
GA,780,I,$0.25
GA,780,K,$0.25
GA,780,Na,$1.50
GA,780,Nb,$1.50
GA,920,A,$0.75
HI,240,C,$0.25
HI,240,D,$0.25
HI,240,E,$1.00
HI,240,F,$1.00
ID,100,B,$3.50
ID,100,G,$0.50
ID,100,H,$1.00
ID,100,Q,$0.50
ID,100,R,$1.00
ID,200,B,$2.00
ID,380,K,$0.60
ID,380,M,$1.00
ID,440,K,$0.50
ID,440,M,$0.50
IL,10,A,$3.00
IL,10,D,$0.35
IL,10,E,$0.35
IL,25,B,$0.50
IL,25,E,$2.00
IL,70,J,$0.25
IL,70,K,$0.25
IL,70,L,$0.40
IL,95,B,$0.75
IL,95,D,$0.25
IL,130,F,$0.25
IL,135,A,$0.50
IL,135,B,$0.50
IL,135,F,$6.00
IL,135,G,$0.25
IL,135,H,$0.35
IL,135,K,$0.25
IL,150,T,$0.25
IL,150,Z,$1.50
IL,150,AB,$0.50
IL,150,AC,$1.50
IL,157,A,$2.00
IL,190,C,$2.50
IL,190,F,$0.75
IL,190,G,$0.25
IL,195,C,$0.50
IL,205,A,$0.35
IL,205,B,$0.50
IL,205,C,$0.35
IL,250,A,$0.50
IL,250,B,$0.50
IL,250,D,$0.35
IL,250,E,$0.35
IL,250,F,$0.35
IL,250,G,$0.35
IL,250,H,$0.25
IL,250,I,$0.25
IL,250,K,$3.00
IL,270,A,$0.50
IL,270,C,$0.35
IL,285,A,$0.35
IL,285,E,$0.25
IL,285,F,$0.25
IL,285,G,$0.25
IL,350,G,$0.25
IL,365,A,$0.25
IL,455,I,$0.50
IL,460,M,$1.00
IL,475,D,$0.35
IL,495,E,$0.75
IL,495,F,$0.35
IL,495,G,$0.35
IL,530,A,$3.00
IL,530,C,$1.75
IL,530,E,$0.35
IL,530,F,$0.50
IL,535,B,$0.75
IL,640,A,$0.35
IL,690,B,$0.35
IL,690,C,$0.35
IL,690,D,$0.35
IL,690,E,$0.25
IL,690,F,$0.25
IL,715,A,$0.35
IL,720,B,$0.75
IL,720,C,$0.50
IL,720,I,$0.25
IL,720,J,$0.40
IL,755,B,$0.50
IL,755,D,$0.75
IL,755,E,$0.25
IL,755,F,$0.25
IL,755,G,$0.25
IL,755,J,$0.50
IL,760,F,$0.25
IL,760,H,$0.25
IL,760,I,$0.25
IL,760,J,$0.25
IL,760,K,$0.25
IL,760,L,$1.00
IL,760,M,$0.50
IL,760,N,$0.25
IL,760,O,$0.25
IL,760,P,$0.25
IL,760,Q,$0.50
IL,785,A,$1.00
IL,795,IA,$0.35
IL,795,J,$0.25
IL,795,K,$0.25
IL,795,L,$0.25
IL,795,M,$0.25
IL,795,N,$2.00
IL,795,O,$1.00
IL,795,R,$2.00
IL,795,S,$0.25
IL,795,T,$0.35
IL,795,W,$0.35
IL,815,B,$0.50
IL,815,C,$0.50
IL,855,A,$12.00
IL,890,A,$0.25
IL,890,B,$0.25
IL,890,C,$0.25
IL,890,D,$0.25
IL,890,E,$0.25
IL,950,C,$2.00
IL,955,A,$0.50
IN,20,E,$0.35
IN,85,C,$0.50
IN,180,C,$0.35
IN,180,E,$0.35
IN,180,F,$0.35
IN,180,K,$0.50
IN,180,L,$0.50
IN,260,A,$0.25
IN,260,B,$0.25
IN,260,C,$0.35
IN,260,D,$0.35
IN,260,F,$1.00
IN,260,G,$1.00
IN,270,A,$0.25
IN,280,C,$0.25
IN,280,D,$0.25
IN,280,E,$0.25
IN,280,F,$0.25
IN,280,G,$0.25
IN,290,A,$0.25
IN,290,B,$0.25
IN,290,C,$0.25
IN,290,D,$0.25
IN,290,G,$2.00
IN,330,D,$0.25
IN,330,E,$0.25
IN,330,M,$0.50
IN,330,N,$1.00
IN,330,O,$0.50
IN,350,C,$0.25
IN,390,B,$0.25
IN,460,D,$0.25
IN,460,R,$0.25
IN,460,T,$0.25
IN,460,U,$0.25
IN,460,V,$0.25
IN,460,W,$0.25
IN,460,Z,$0.75
IN,460,AA,$3.50
IN,460,AB,$0.50
IN,510,G,$0.25
IN,510,H,$0.50
IN,520,B,$0.25
IN,520,D,$1.50
IN,520,E,$0.25
IN,520,F,$1.50
IN,520,G,$0.25
IN,520,J,$0.50
IN,530,A,$0.50
IN,530,Da,$0.35
IN,530,E,$0.35
IN,530,G,$0.35
IN,540,C,$0.50
IN,570,A,$0.25
IN,570,B,$0.50
IN,570,C,$1.50
IN,570,D,$1.50
IN,590,A,$0.25
IN,610,F,$0.25
IN,610,G,$0.35
IN,660,A,$0.25
IN,660,B,$0.25
IN,660,C,$0.25
IN,660,D,$0.25
IN,660,E,$0.25
IN,660,F,$0.25
IN,660,G,$0.35
IN,680,D,$0.25
IN,680,E,$0.25
IN,680,F,$0.25
IN,690,A,$0.25
IN,710,A,$0.50
IN,710,B,$0.50
IN,740,A,$0.25
IN,820,C,$1.00
IN,820,D,$1.00
IN,820,E,$1.50
IN,860,B,$0.35
IN,860,C,$0.25
IN,860,D,$0.25
IN,860,E,$0.25
IN,860,F,$0.25
IN,860,G,$0.25
IN,860,H,$0.25
IN,860,I,$0.25
IN,860,J,$0.25
IN,860,K,$0.35
IN,890,D,$0.50
IN,890,E,$0.35
IN,930,E,$2.00
IN,930,H,$0.25
IN,940,A,$0.35
IN,950,E,$1.00
IN,950,F,$1.00
IN,950,G,$0.70
IN,960,C,$0.25
IN,997,A,$0.25
IN,997,B,$0.25
IN,997,C,$0.25
IN,997,D,$0.25
IN,1000,A,$2.00
IN,1000,B,$2.00
IN,1000,D,$2.00
IN,1000,E,$2.00
IN,1000,I,$3.50
IA,30,B,$1.00
IA,30,D,$3.00
IA,30,E,$1.00
IA,30,F,$0.25
IA,30,G,$0.25
IA,50,C,$0.50
IA,77,B,$1.00
IA,77,G,$0.60
IA,77,H,$1.00
IA,77,I,$1.00
IA,100,B,$0.35
IA,110,G,$0.35
IA,110,H,$0.25
IA,110,L,$1.25
IA,110,M,$1.50
IA,150,D,$0.50
IA,150,E,$2.50
IA,150,G,$0.25
IA,180,C,$3.50
IA,230,D,$5.00
IA,230,F,$0.25
IA,230,H,$0.35
IA,230,I,$0.25
IA,230,J,$0.50
IA,230,K,$0.25
IA,230,M,$3.50
IA,240,C,$1.00
IA,270,B,$0.35
IA,270,C,$0.35
IA,270,D,$0.60
IA,300,I,$0.50
IA,300,K,$1.00
IA,300,L,$0.50
IA,300,P,$1.00
IA,300,Q,$0.50
IA,310,A,$25.00
IA,310,C,$0.25
IA,310,Ea,$2.50
IA,310,F,$0.25
IA,310,G,$0.35
IA,380,O,$0.25
IA,380,P,$0.25
IA,380,R,$0.25
IA,380,T,$0.50
IA,380,U,$1.00
IA,380,V,$2.50
IA,390,D,$0.25
IA,450,A,$1.25
IA,450,B,$2.00
IA,480,A,$1.00
IA,480,C,$0.25
IA,510,C,$0.35
IA,510,E,$0.35
IA,600,A,$1.00
IA,600,B,$0.35
IA,600,E,$0.25
IA,640,T,$0.25
IA,640,U,$0.35
IA,640,V,$0.25
IA,640,W,$0.35
IA,730,A,$1.00
IA,740,K,$0.25
IA,800,B,$2.50
IA,800,C,$2.50
IA,850,Oa,$0.75
IA,850,Ob,$0.75
IA,850,R,$0.25
IA,850,S,$0.25
IA,850,T,$0.25
IA,850,U,$0.25
IA,850,W,$0.25
IA,850,X,$0.50
IA,930,E,$0.25
IA,930,F,$0.25
IA,930,Ga,$0.25
IA,930,H,$0.25
IA,930,I,$0.25
IA,930,J,$0.25
KS,150,A,$0.50
KS,150,C,$2.50
KS,250,B,$0.50
KS,290,A,$1.00
KS,320,A,$0.50
KS,450,F,$1.00
KS,450,G,$1.00
KS,480,B,$0.75
KS,495,A,$2.50
KS,495,B,$2.50
KS,540,A,$0.50
KS,540,B,$0.50
KS,540,C,$0.25
KS,540,D,$0.25
KS,540,E,$2.50
KS,540,F,$0.35
KS,550,B,$0.75
KS,550,C,$0.25
KS,550,D,$0.25
KS,600,C,$3.00
KS,600,E,$2.00
KS,790,A,$1.00
KS,820,B,$2.00
KS,820,C,$1.00
KS,820,D,$0.35
KS,820,F,$3.00
KS,820,G,$0.50
KS,820,H,$0.75
KS,820,I,$0.50
KS,880,A,$75.00
KS,880,B,$0.75
KS,940,A,$0.25
KS,940,B,$0.35
KS,940,C,$0.25
KS,940,D,$0.50
KS,940,E,$0.50
KS,940,F,$0.25
KS,940,G,$0.25
KS,940,J,$0.25
KS,940,K,$0.25
KS,940,L,$0.50
KS,970,B,$0.25
KS,970,C,$0.25
KS,970,E,$0.25
KS,970,F,$0.25
KS,970,G,$0.25
KS,970,H,$0.35
KS,970,K,$0.25
KS,970,L,$0.25
KS,970,N,$0.60
KS,998,A,$1.50
KS,998,B,$1.50
KY,10,G,$0.25
KY,10,H,$0.25
KY,10,I,$0.25
KY,10,Q,$0.35
KY,45,A,$3.00
KY,150,B,$0.25
KY,150,C,$0.25
KY,150,D,$0.25
KY,480,L,$2.00
KY,480,M,$1.00
KY,480,Ra,$1.00
KY,480,S,$1.00
KY,480,U,$0.50
KY,480,X,$1.50
KY,480,Y,$1.00
KY,510,I,$50.00
KY,510,AK,$2.00
KY,510,AM,$0.25
KY,510,AN,$0.25
KY,510,BD,$2.00
KY,510,BJ,$3.00
KY,510,BS,$0.25
KY,640,A,$0.25
KY,670,D,$0.25
KY,670,H,$1.00
KY,670,N,$1.00
KY,670,O,$0.50
KY,670,Q,$1.00
KY,680,L,$0.35
KY,680,N,$0.60
KY,680,P,$0.60
KY,680,T,$1.50
KY,680,AA,$0.25
LA,30,B,$0.25
LA,30,C,$0.25
LA,30,D,$0.25
LA,80,A,$0.25
LA,80,B,$1.50
LA,520,A,$3.00
LA,600,A,$1.50
LA,670,A,$0.35
LA,670,H,$0.35
LA,670,N,$0.60
LA,1000,C,$2.00
ME,200,A,$1.25
ME,200,B,$1.25
ME,200,D,$1.00
ME,200,G,$1.00
ME,200,H,$1.00
ME,460,A,$20.00
ME,480,A,$45.00
ME,655,A,$1.00
ME,655,C,$0.50
ME,710,A,$3.00
ME,1000,B,$0.35
MD,40,A,$0.50
MD,60,I (vars a through n),$5.00
MD,60,T,$1.00
MD,60,AI,$0.25
MD,60,AJ,$0.25
MD,60,AK,$1.00
MD,60,AM,$0.25
MD,60,AT,$0.25
MD,60,AV,$0.75
MD,60,AX,$0.25
MD,60,AY,$0.40
MD,60,AZ,$1.00
MD,60,BA,$1.00
MD,620,A,$1.50
MD,620,E,$2.00
MD,620,F,$2.00
MD,670,A,$1.00
MD,670,B,$1.00
MD,670,C,$1.00
MD,670,D,$1.00
MD,670,E,$1.00
MD,670,F,$1.00
MD,670,G,$1.00
MD,670,H,$1.00
MD,770,A,$0.25
MD,820,A,$0.50
MD,820,C,$1.10
MA,50,A,$7.00
MA,115,G,$0.25
MA,115,L,$1.25
MA,115,AK,$10.00
MA,115,AM,$2.00
MA,115,AN,$1.25
MA,115,AO,$2.00
MA,115,AP,$1.50
MA,115,AR,$3.50
MA,135,A,$0.35
MA,135,B,$0.35
MA,135,C,$0.50
MA,210,A,$0.25
MA,245,B,$3.50
MA,270,A,$0.25
MA,275,Aa,$0.75
MA,275,Ba,$0.75
MA,275,C,$0.75
MA,275,Da,$0.75
MA,275,E,$0.25
MA,305,B,$4.00
MA,305,D,$1.00
MA,355,A,$0.25
MA,355,B,$0.25
MA,430,B,$0.75
MA,430,D,$0.75
MA,540,A,$0.75
MA,540,B,$0.75
MA,550,B,$1.00
MA,550,E,$0.50
MA,550,H,$0.75
MA,550,I,$1.00
MA,550,J,$1.00
MA,550,O,$1.00
MA,550,Q,$0.35
MA,645,C,$2.00
MA,650,A,$0.50
MA,695,A,$1.50
MA,760,A,$0.25
MA,760,B,$0.25
MA,760,C,$0.25
MA,760,F,$0.50
MA,760,G,$0.50
MA,930,A,$3.50
MA,970,C,$45.00
MA,1000,A,$1.00
MA,1000,B,$1.00
MI,5,D,$3.00
MI,5,E,$1.00
MI,5,F,$1.00
MI,5,G,$2.00
MI,5,O,$1.00
MI,5,P,$1.00
MI,5,Q,$2.00
MI,5,R,$1.00
MI,5,S,$1.00
MI,20,A,$1.75
MI,20,B,$1.75
MI,20,C,$1.75
MI,20,E,$1.75
MI,40,B,$0.60
MI,40,C,$0.50
MI,40,G,$1.00
MI,40,E,$1.50
MI,55,A,$3.00
MI,60,A,$0.75
MI,60,Ba,$0.75
MI,60,Bb,$0.75
MI,60,D,$0.75
MI,60,F,$1.00
MI,65,J,$0.25
MI,68,A,$1.50
MI,68,E,$1.00
MI,75,A,$1.25
MI,75,B,$2.00
MI,75,D,$0.25
MI,75,E,$0.35
MI,75,F,$0.25
MI,75,G,$0.25
MI,75,H,$0.35
MI,75,I,$1.00
MI,75,J,$0.25
MI,75,K,$0.25
MI,75,N,$1.00
MI,75,Q,$1.00
MI,75,R,$3.20
MI,75,T,$1.00
MI,125,B,$1.00
MI,135,Da,$0.60
MI,165,A,$1.00
MI,165,D,$2.00
MI,165,E,$2.00
MI,165,F,$1.00
MI,165,G,$3.00
MI,225,F,$0.25
MI,225,G,$0.25
MI,225,H,$0.25
MI,225,J,$0.25
MI,225,K,$0.25
MI,225,P,$2.50
MI,225,T,$0.50
MI,225,W,$3.50
MI,285,C,$0.25
MI,285,E,$0.50
MI,285,F,$0.50
MI,285,G,$0.50
MI,285,Ha,$0.75
MI,285,Hb,$0.75
MI,285,Ib,$0.75
MI,285,Ja,$1.00
MI,285,K,$1.00
MI,315,B,$0.50
MI,315,C,$0.50
MI,345,C,$1.00
MI,360,A,$2.00
MI,360,M,$0.50
MI,370,D,$0.25
MI,370,J,$0.25
MI,370,K,$0.25
MI,370,N,$2.00
MI,370,Q,$0.50
MI,380,A,$0.50
MI,390,D,$1.00
MI,390,E,$2.00
MI,390,F,$1.00
MI,395,D-1,$25.00
MI,395,D-2,$25.00
MI,395,D-3,$25.00
MI,395,D-4,$25.00
MI,395,D-5,$25.00
MI,395,D (NO-NUMBER),$25.00
MI,395,F,$0.50
MI,455,Ab,$5.00
MI,470,B,$10.00
MI,470,Ba,$10.00
MI,475,D,$0.50
MI,475,E,$2.00
MI,495,C,$0.50
MI,495,E,$0.75
MI,495,F,$1.00
MI,500,A,$0.35
MI,525,D,$3.50
MI,525,Ea,$1.00
MI,525,Eb,$1.00
MI,525,F,$0.50
MI,525,G,$0.50
MI,525,J,$2.00
MI,530,D,$0.50
MI,530,F,$0.35
MI,530,G,$0.35
MI,530,H,$3.00
MI,530,L,$0.25
MI,530,M,$0.35
MI,530,Q,$0.35
MI,530,S,$0.50
MI,560,B,$0.50
MI,560,C,$3.50
MI,560,D,$0.50
MI,560,F,$5.50
MI,560,H,$0.50
MI,560,T,$1.00
MI,560,U,$1.00
MI,560,V,$1.00
MI,585,D,$0.25
MI,585,H,$1.00
MI,610,I,$3.00
MI,610,K,$2.50
MI,610,L,$1.50
MI,610,M,$1.50
MI,640,B,$3.00
MI,650,A,$5.00
MI,670,D,$0.35
MI,680,E,$0.50
MI,680,K,$0.35
MI,680,L,$0.25
MI,680,M,$0.25
MI,680,O,$0.25
MI,680,P,$0.25
MI,680,Q,$0.25
MI,680,U,$0.25
MI,700,A,$1.00
MI,735,E,$0.35
MI,735,F,$1.00
MI,765,A,$2.00
MI,770,F,$0.25
MI,773,A,$1.50
MI,775,D,$0.25
MI,785,E,$2.00
MI,785,F,$0.75
MI,785,G,$0.50
MI,785,H,$4.50
MI,785,I,$2.00
MI,785,J,$0.75
MI,845,G,$0.75
MI,860,A,$2.50
MI,860,B,$2.50
MI,860,C,$2.50
MI,860,D,$2.50
MI,860,E,$2.50
MI,860,F,$2.50
MI,860,G,$2.50
MI,860,H,$2.50
MI,860,I,$2.50
MI,860,J,$2.50
MI,860,K,$2.50
MI,860,L,$2.50
MI,860,M,$2.50
MI,860,N,$2.50
MI,885,C,$2.00
MI,930,D,$0.50
MI,1000,A,$9.00
MN,30,G,$2.00
MN,30,H,$1.00
MN,40,B,$1.35
MN,50,M,$3.50
MN,50,O,$3.50
MN,67,A,$2.00
MN,70,A,$1.00
MN,70,C,$3.00
MN,70,G,$1.50
MN,70,H,$2.00
MN,70,I,$2.50
MN,70,J,$1.00
MN,80,A,$4.00
MN,90,B,$1.25
MN,90,C,$0.50
MN,105,A,$1.50
MN,110,E,$1.00
MN,120,A,$0.35
MN,120,B,$0.75
MN,120,C,$1.00
MN,120,D,$3.00
MN,120,E,$3.00
MN,148,Aa,$1.00
MN,148,E,$1.00
MN,148,Gb,$1.50
MN,148,H,$1.50
MN,148,I,$0.50
MN,148,L,$1.50
MN,148,N,$3.00
MN,177,A,$1.00
MN,180,A,$1.00
MN,190,B,$0.35
MN,210,A,$1.00
MN,210,B,$1.00
MN,210,C,$1.25
MN,230,C,$70.00
MN,230,G,$1.00
MN,230,H,$1.00
MN,230,I,$0.50
MN,230,K,$0.50
MN,230,M,$1.00
MN,230,O,$0.35
MN,230,R,$1.00
MN,245,A,$1.25
MN,280,B,$2.75
MN,280,C,$3.25
MN,280,D,$3.25
MN,290,B,$1.00
MN,300,B,$0.25
MN,370,A,$1.00
MN,370,B,$1.50
MN,380,A,$2.00
MN,380,B,$1.00
MN,380,C,$0.50
MN,410,B,$1.00
MN,460,A,$6.00
MN,460,D,$2.00
MN,460,E,$2.00
MN,480,A,$1.25
MN,480,C,$1.50
MN,480,D,$1.50
MN,480,E,$2.00
MN,480,F,$3.00
MN,480,G,$4.00
MN,480,H,$5.00
MN,510,A,$20.00
MN,510,B,$3.50
MN,510,D,$0.75
MN,510,E,$1.00
MN,510,F,$1.00
MN,510,G,$1.50
MN,520,B,$1.00
MN,540,F,$0.25
MN,540,G,$0.25
MN,540,H,$0.25
MN,540,I,$0.25
MN,540,J,$0.25
MN,540,L,$0.25
MN,540,M,$0.50
MN,540,N,$0.50
MN,540,P,$0.50
MN,540,Q,$0.50
MN,540,Xb,$1.00
MN,540,Z,$2.00
MN,540,AA,$2.30
MN,540,AB,$2.00
MN,540,AC,$1.50
MN,540,AD,$1.50
MN,540,AF,$0.25
MN,540,AI,$0.25
MN,540,AJ,$5.00
MN,540,AK,$6.00
MN,540,AN,$1.25
MN,560,C,$0.50
MN,575,A,$0.50
MN,600,B,$3.00
MN,600,C,$0.50
MN,660,D,$1.25
MN,660,E,$1.25
MN,665,B,$2.00
MN,665,C,$1.75
MN,680,F,$0.75
MN,680,G,$0.75
MN,720,B,$0.75
MN,730,B,$3.00
MN,730,C,$3.00
MN,730,F,$0.50
MN,730,H,$0.35
MN,730,I,$0.35
MN,730,K,$0.25
MN,730,L,$0.25
MN,730,M,$0.75
MN,730,N,$0.35
MN,760,D,$0.25
MN,760,E,$3.00
MN,820,A,$1.00
MN,820,D,$0.50
MN,820,F,$3.00
MN,855,C,$1.50
MN,900,B,$0.50
MN,900,E,$1.50
MN,900,H,$1.25
MN,960,G,$2.00
MN,965,A,$1.50
MN,980,B,$9.00
MN,980,C,$0.35
MN,980,F,$0.35
MN,980,G,$0.50
MN,980,K,$0.40
MS,350,A,$1.50
MS,460,F,$3.50
MS,460,J,$0.35
MO,140,E,$0.25
MO,230,A,$0.50
MO,335,A,$3.00
MO,370,D,$3.50
MO,370,F,$0.35
MO,370,G,$0.50
MO,370,H,$0.50
MO,420,B,$12.00
MO,420,C,$0.75
MO,420,G,$0.35
MO,420,I,$0.25
MO,430,F,$10.00
MO,440,A,$7.50
MO,440,B,$0.50
MO,440,C,$0.35
MO,440,D,$0.50
MO,440,E,$0.25
MO,440,J,$0.25
MO,440,K,$0.35
MO,440,L,$0.35
MO,440,O,$0.25
MO,440,P,$0.35
MO,440,Q,$2.50
MO,440,W,$0.50
MO,600,A,$0.75
MO,668,A,$1.00
MO,668,B,$1.00
MO,668,C,$1.00
MO,668,D,$1.00
MO,820,A,$0.25
MO,820,B,$0.75
MO,860,E,$0.50
MO,880,E,$10.00
MO,880,G,$0.25
MO,880,H,$0.25
MO,880,B,$0.25
MO,910,C,$0.25
MO,910,D,$0.25
MO,910,E,$0.25
MO,910,G,$0.25
MO,910,Ha,$0.25
MO,910,Hb,$0.25
MO,910,I,$0.50
MO,910,J,$0.25
MO,910,K,$0.25
MO,910,L,$0.25
MO,910,M,$0.25
MO,910,O,$0.50
MO,910,T,$1.00
MO,910,Y,$5.00
MO,910,AA,$0.75
MO,960,A,$0.75
MO,997,B,$3.00
MO,998,Y,$1.00
MO,1000,B,$0.25
MT,80,A,$2.00
MT,80,D,$3.50
MT,80,E,$1.00
MT,80,F,$3.00
MT,80,G,$1.00
MT,80,I,$1.00
MT,140,A,$2.50
MT,140,B,$3.50
MT,140,D,$0.25
MT,380,B,$3.50
MT,380,C,$0.35
MT,380,D,$0.25
MT,480,F,$2.00
MT,480,M,$2.00
MT,480,N,$0.85
MT,480,O,$1.00
MT,500,A,$3.00
MT,660,C,$2.00
MT,660,E,$0.50
MT,660,F,$0.25
MT,660,G,$0.25
MT,660,H,$0.50
MT,660,I,$0.50
MT,660,K,$0.50
MT,660,L,$0.50
MT,660,M,$0.50
MT,660,N,$0.50
MT,660,O,$0.50
MT,660,P,$0.50
MT,660,Q,$0.50
MT,660,R,$0.50
MT,660,S,$0.50
MT,660,U,$0.50
MT,660,V,$0.50
MT,660,W,$0.50
MT,660,X,$0.50
MT,660,Y,$0.50
MT,660,Z,$0.50
MT,660,AA,$0.50
MT,660,AB,$0.50
MT,660,AC,$0.50
MT,660,AD,$0.50
MT,660,AE,$0.50
MT,660,AF,$0.50
MT,660,AG,$0.50
MT,660,AH,$0.50
MT,660,AI,$0.50
MT,660,AJ,$0.50
MT,660,AK,$0.50
MT,660,AL,$0.50
MT,660,AM,$0.50
MT,660,AN,$0.50
MT,660,AO,$0.50
MT,660,AP,$0.50
MT,660,AQ,$0.50
MT,660,AR,$0.50
MT,660,AS,$0.50
MT,660,AT,$0.50
MT,660,AU,$0.50
MT,660,AV,$0.50
MT,660,AW,$1.50
MT,660,AX,$0.50
MT,660,AY,$0.50
MT,660,AZ,$0.50
MT,660,BA,$0.50
MT,660,BB,$0.50
MT,660,BC,$0.50
MT,660,BD,$0.50
MT,660,BE,$0.50
MT,660,BF,$0.75
MT,660,BG,$0.75
MT,660,BH,$0.75
MT,660,BI,$0.75
MT,660,BK,$0.75
MT,660,BJ,$0.75
MT,660,BL,$0.75
MT,660,BM,$0.75
MT,660,BN,$0.75
NE,130,C,$1.00
NE,305,A,$0.50
NE,305,D,$5.00
NE,360,G,$0.75
NE,420,D,$0.50
NE,420,F,$0.35
NE,420,G,$0.75
NE,540,Q,$0.35
NE,540,X,$0.25
NE,540,Y,$0.25
NE,540,AE,$0.60
NE,540,AK,$2.00
NE,580,A,$5.00
NE,660,A,$0.35
NE,700,F,$1.00
NE,700,G,$0.25
NE,700,I,$0.25
NE,700,J,$0.25
NE,700,K,$0.25
NE,700,Wa,$3.50
NE,980,D,$4.00
NV,500,A,$3.00
NV,500,C,$1.00
NV,500,E,$2.50
NV,500,F,$2.50
NV,500,G,$2.00
NV,500,H,$1.00
NV,500,I,$15.00
NV,500,L,$2.00
NV,700,A,$0.55
NH,500,B,$1.00
NH,615,A,$1.50
NH,615,C,$8.00
NH,615,D,$8.00
NH,615,E,$8.00
NH,640,A,$0.25
NH,640,B,$0.25
NH,640,D,$0.25
NH,640,L,$0.50
NH,640,M,$0.50
NH,720,A,$0.25
NH,720,B,$0.25
NH,720,C,$0.25
NH,720,D,$0.25
NH,1000,C,$1.00
NJ,15,A,$0.25
NJ,15,B,$0.25
NJ,20,E,$0.25
NJ,20,F,$0.25
NJ,20,G,$0.25
NJ,20,H,$0.25
NJ,30,A,$3.00
NJ,35,Aa,$0.50
NJ,35,Ab,$0.50
NJ,95,A,$1.50
NJ,115,B,$12.50
NJ,115,C,$0.25
NJ,115,D,$0.25
NJ,115,E,$0.50
NJ,115,F,$0.25
NJ,115,G,$0.25
NJ,115,I,$0.60
NJ,115,J,$2.50
NJ,115,K,$5.00
NJ,115,M,$2.50
NJ,115,N,$3.00
NJ,120,A,$0.50
NJ,120,B,$3.00
NJ,120,F,$1.75
NJ,120,G,$1.75
NJ,120,J,$1.75
NJ,150,A,$3.00
NJ,150,B,$3.00
NJ,150,C,$3.00
NJ,150,D,$3.00
NJ,200,A,$0.50
NJ,220,A,$1.00
NJ,250,A,$3.00
NJ,260,A,$1.50
NJ,390,E,$7.50
NJ,390,F,$7.50
NJ,460,A,$3.00
NJ,465,A,$0.50
NJ,555,A,$15.00
NJ,555,B,$15.00
NJ,555,C,$0.50
NJ,555,D,$0.25
NJ,555,E,$0.25
NJ,570,A,$0.35
NJ,570,B,$0.35
NJ,570,C,$0.35
NJ,570,D,$0.35
NJ,570,E,$0.35
NJ,585,A,$1.75
NJ,650,A,$1.50
NJ,650,B,$3.50
NJ,710,A,$0.75
NJ,710,C,$3.00
NJ,710,D,$2.00
NJ,825,A,$0.50
NJ,825,B,$0.50
NJ,833,A,$2.00
NJ,885,A,$2.00
NJ,885,Ac,$2.00
NJ,885,Ad,$2.00
NJ,885,Ae,$2.00
NJ,885,Af,$2.00
NJ,885,B,$0.25
NJ,885,C,$0.25
NJ,885,D,$0.25
NJ,912,A,$3.00
NJ,975,A,$0.25
NJ,975,B,$0.25
NJ,975,C,$0.50
NJ,975,D,$0.50
NJ,975,F,$1.25
NJ,975,G,$4.00
NJ,975,H,$4.00
NJ,997,B,$4.00
NM,40,E,$0.25
NM,40,F,$0.25
NM,40,G,$0.25
NM,40,K,$0.25
NM,40,L,$0.50
NM,420,B,$2.00
NM,760,E,$0.75
NM,900,B,$0.50
NM,900,C,$5.00
NC,20,B,$0.50
NC,130,B,$3.00
NC,130,C,$0.35
NC,130,D,$0.35
NC,130,E,$0.35
NC,130,H,$0.25
NC,130,J,$2.00
NC,150,A,$0.60
NC,160,B,$0.25
NC,160,C,$0.25
NC,160,D,$0.25
NC,160,E,$1.00
NC,160,F,$1.00
NC,160,G,$1.00
NC,160,H,$1.00
NC,160,J,$1.50
NC,160,K,$1.00
NC,160,L,$1.00
NC,160,M,$0.50
NC,160,O,$1.50
NC,160,P,$1.50
NC,160,Q,$2.00
NC,160,R,$1.50
NC,170,A,$1.00
NC,190,D,$1.00
NC,240,B,$0.25
NC,240,C,$0.25
NC,240,D,$0.25
NC,240,E,$0.25
NC,240,G,$0.25
NC,240,H,$0.25
NC,240,I,$0.25
NC,240,J,$0.25
NC,240,K,$0.25
NC,350,A,$0.25
NC,350,B,$0.25
NC,350,C,$0.50
NC,360,A,$0.35
NC,360,D,$1.00
NC,380,A,$0.35
NC,425,A,$1.20
NC,430,A,$0.50
NC,430,B,$0.50
NC,440,A,$0.25
NC,440,C,$0.25
NC,440,D,$3.00
NC,465,B,$0.25
NC,480,A,$0.50
NC,480,B,$0.50
NC,560,B,$0.50
NC,625,A,$2.00
NC,660,B,$0.25
NC,700,H,$0.75
NC,750,A,$1.50
NC,770,A,$0.25
NC,890,A,$0.35
NC,950,D,$0.25
NC,960,A,$0.50
NC,980,D,$0.50
NC,980,H,$0.25
ND,60,B,$0.50
ND,260,Ba,$3.00
ND,260,C,$0.25
ND,260,D,$0.25
ND,260,F,$0.25
ND,260,G,$0.25
ND,260,H,$0.25
ND,260,I,$0.25
ND,260,J,$0.90
ND,260,N,$0.50
ND,320,B,$3.50
ND,320,C,$0.50
ND,320,E,$0.35
ND,320,H,$0.25
ND,320,J,$0.25
ND,440,B,$2.50
ND,600,I,$0.50
ND,900,B,$2.00
ND,960,A,$0.35
NY,10,A,$0.25
NY,10,B,$0.25
NY,10,C,$0.25
NY,10,D,$0.25
NY,10,E,$0.25
NY,10,G,$0.25
NY,10,I,$0.25
NY,10,J,$0.25
NY,10,K,$7.00
NY,10,L,$6.00
NY,10,M,$5.00
NY,10,N,$0.75
NY,10,Q,$0.50
NY,10,R,$7.50
NY,10,S,$0.75
NY,10,U,$0.75
NY,10,V,$1.00
NY,25,A,$8.00
NY,25,C,$3.50
NY,25,E,$1.50
NY,25,F,$0.25
NY,25,G,$0.50
NY,25,H,$0.75
NY,25,I,$0.50
NY,25,J,$0.75
NY,25,K,$0.50
NY,25,L,$1.25
NY,25,M,$1.00
NY,35,C,$12.50
NY,35,D,$0.25
NY,35,E,$0.25
NY,35,F,$0.35
NY,35,G,$0.35
NY,35,H,$0.75
NY,35,I,$0.35
NY,35,J,$0.35
NY,35,K,$0.35
NY,35,L,$0.60
NY,35,M,$0.30
NY,60,A,$0.75
NY,70,A,$3.50
NY,75,B,$0.50
NY,79,A,$1.00
NY,79,B,$0.50
NY,80,B,$0.25
NY,80,C,$0.25
NY,80,D,$4.50
NY,80,E,$0.50
NY,80,F,$0.50
NY,80,G,$7.50
NY,80,H,$4.50
NY,80,I,$3.50
NY,80,K,$0.35
NY,80,L,$0.35
NY,80,O,$0.35
NY,80,P,$0.35
NY,105,B,$3.50
NY,105,D,$0.25
NY,105,F,$0.25
NY,105,G,$5.00
NY,105,H,$0.25
NY,105,I,$0.35
NY,105,J,$0.35
NY,105,K,$1.25
NY,105,L,$1.25
NY,105,M,$6.00
NY,105,N,$1.00
NY,110,A,$0.25
NY,110,B,$1.00
NY,110,C,$0.50
NY,110,D,$1.00
NY,110,E,$1.00
NY,110,F,$1.50
NY,110,G,$0.50
NY,110,Ha,$1.00
NY,110,Hb,$1.00
NY,110,I,$1.00
NY,135,A,$0.50
NY,139,A,$1.00
NY,145,A,$2.00
NY,145,B,$2.00
NY,145,C,$0.75
NY,145,D,$0.75
NY,150,A,$0.35
NY,150,B,$0.35
NY,150,D,$0.25
NY,150,E,$1.50
NY,160,A,$3.00
NY,160,B,$0.50
NY,160,E,$1.00
NY,160,F,$1.00
NY,160,G,$1.00
NY,160,H,$1.00
NY,160,I,$1.00
NY,160,J,$1.00
NY,195,A,$0.50
NY,195,B,$0.50
NY,210,A,$2.50
NY,210,B,$2.50
NY,230,A,$0.35
NY,230,B,$0.25
NY,230,D,$0.50
NY,230,E,$0.25
NY,230,F,$0.25
NY,230,G,$0.35
NY,230,H,$0.25
NY,230,I,$0.35
NY,230,J,$1.00
NY,230,K,$1.00
NY,235,A,$4.50
NY,235,B,$3.50
NY,280,A,$0.50
NY,280,B,$0.50
NY,285,Da,$4.00
NY,285,Db,$4.00
NY,285,E,$12.00
NY,290,A,$2.00
NY,290,B,$1.00
NY,290,C,$1.00
NY,290,D,$0.50
NY,300,A,$40.00
NY,305,A,$5.00
NY,310,A,$0.25
NY,310,F,$3.00
NY,310,H,$3.00
NY,310,L,$0.50
NY,315,A,$1.00
NY,345,A,$0.50
NY,355,A,$0.50
NY,355,B,$0.50
NY,355,C,$1.50
NY,355,D,$5.00
NY,360,B,$0.50
NY,360,C,$0.75
NY,363,A,$0.50
NY,363,B,$0.25
NY,380,A,$0.50
NY,380,B,$0.35
NY,380,D,$0.35
NY,410,A,$17.50
NY,410,B,$0.50
NY,410,C,$0.35
NY,410,D,$0.35
NY,410,E,$0.35
NY,410,F,$0.60
NY,425,B,$7.50
NY,425,Da,$0.25
NY,425,Db,$0.25
NY,425,E,$0.25
NY,425,F,$0.25
NY,437,A,$3.00
NY,440,A,$0.50
NY,440,B,$5.00
NY,445,C,$0.25
NY,445,D,$0.25
NY,445,E,$0.25
NY,445,F,$0.25
NY,445,G,$0.25
NY,445,H,$0.75
NY,445,I,$0.75
NY,455,A,$0.50
NY,500,A,$0.50
NY,500,B,$0.75
NY,505,A,$0.75
NY,560,A,$1.00
NY,560,B,$1.00
NY,560,C,$0.75
NY,590,A,$1.50
NY,590,B,$1.50
NY,590,C,$1.50
NY,590,D,$1.50
NY,590,E,$1.50
NY,590,F,$1.50
NY,590,G,$1.50
NY,590,H,$1.50
NY,590,I,$1.50
NY,590,J,$1.50
NY,590,K,$1.50
NY,590,L,$1.50
NY,590,M,$1.50
NY,590,N,$1.50
NY,590,O,$1.50
NY,590,P,$1.50
NY,590,Q,$1.50
NY,615,A,$5.00
NY,615,B,$15.00
NY,615,D,$0.25
NY,615,F,$3.50
NY,615,G,$0.35
NY,640,A,$2.00
NY,640,B,$1.00
NY,640,C,$3.50
NY,640,F,$0.25
NY,640,H,$3.00
NY,640,K,$0.75
NY,645,B,$1.00
NY,655,Bb,$0.25
NY,655,C,$0.50
NY,655,E,$0.50
NY,660,A,$0.35
NY,660,B,$1.00
NY,660,C,$1.50
NY,665,A,$0.30
NY,675,B,$0.25
NY,675,C,$0.50
NY,680,A,$3.00
NY,680,B,$5.50
NY,680,C,$5.00
NY,685,A,$0.50
NY,685,B,$0.35
NY,685,D,$0.75
NY,685,F,$0.65
NY,685,G,$1.00
NY,685,H,$1.00
NY,685,I,$0.50
NY,685,J,$0.40
NY,685,K,$0.65
NY,690,A,$10.00
NY,695,A,$10.00
NY,695,C,$1.00
NY,695,D,$1.00
NY,695,E,$0.50
NY,695,F,$0.50
NY,695,G,$1.00
NY,715,A,$3.00
NY,735,A,$3.50
NY,735,B,$7.50
NY,735,F,$1.00
NY,735,G,$1.00
NY,735,Ha,$0.75
NY,735,Hb,$0.75
NY,735,I,$0.75
NY,735,J,$0.75
NY,735,K,$0.75
NY,735,La,$0.75
NY,735,Lb,$0.75
NY,735,M,$0.75
NY,745,A,$5.00
NY,745,B,$0.50
NY,760,A,$0.25
NY,760,B,$0.25
NY,760,C,$0.25
NY,760,D,$0.25
NY,775,A,$1.00
NY,780,A,$150.00
NY,780,Ba,$10.00
NY,780,Bb,$10.00
NY,780,D,$1.25
NY,780,E,$0.35
NY,780,F,$0.25
NY,780,G,$0.25
NY,780,Ha,$0.25
NY,780,Hb,$0.25
NY,780,J,$1.50
NY,780,K,$4.00
NY,780,La,$2.00
NY,780,Lb,$2.00
NY,780,Ma,$3.50
NY,780,Mb,$3.50
NY,780,N,$4.00
NY,780,Oa,$5.00
NY,780,Ob,$5.00
NY,780,Pa,$3.50
NY,780,Q,$3.50
NY,780,R,$1.00
NY,780,S,$1.00
NY,780,T,$1.00
NY,780,U,$1.00
NY,780,V,$1.00
NY,780,W,$1.00
NY,780,X,$10.00
NY,780,Y,$1.25
NY,780,Z,$1.25
NY,785,A,$0.50
NY,785,B,$0.50
NY,785,C,$1.50
NY,790,A,$0.25
NY,790,B,$0.25
NY,790,C,$0.35
NY,790,D,$2.00
NY,790,E,$2.50
NY,790,F,$0.50
NY,790,G,$0.50
NY,790,H,$0.50
NY,790,I,$0.50
NY,790,J,$4.00
NY,790,L,$0.50
NY,790,M,$0.50
NY,790,O,$0.50
NY,790,P,$0.50
NY,790,Q,$0.50
NY,790,R,$0.50
NY,790,S,$0.50
NY,810,B,$3.50
NY,810,C,$1.00
NY,810,D,$1.00
NY,830,A,$0.35
NY,830,B,$0.50
NY,830,C,$0.25
NY,830,D,$2.00
NY,850,A,$1.00
NY,850,B,$1.00
NY,875,A,$7.50
NY,875,B,$2.50
NY,875,D,$5.50
NY,875,E,$0.25
NY,875,F,$0.25
NY,875,G,$0.25
NY,875,H,$0.25
NY,875,I,$0.25
NY,875,J,$0.25
NY,875,K,$0.25
NY,875,L,$0.75
NY,875,M,$0.75
NY,875,O,$0.75
NY,875,Q,$0.75
NY,875,R,$25.00
NY,875,S,$0.50
NY,875,T,$0.35
NY,875,U,$1.00
NY,875,V,$1.00
NY,875,W,$1.00
NY,875,X,$0.50
NY,875,Y,$0.50
NY,875,Z,$0.50
NY,875,AB,$25.00
NY,875,AC,$0.75
NY,875,AD,$0.35
NY,875,AE,$1.50
NY,875,AF,$0.50
NY,875,AG,$0.50
NY,875,AJ,$0.50
NY,890,A,$50.00
NY,890,C,$100.00
NY,890,E,$0.25
NY,890,F,$0.25
NY,890,G,$0.50
NY,890,H,$6.00
NY,905,A,$7.50
NY,905,B,$0.25
NY,905,C,$2.50
NY,905,D,$3.00
NY,905,E,$0.50
NY,905,F,$4.00
NY,905,G,$0.35
NY,905,H,$0.50
NY,905,I,$1.50
NY,905,J,$2.00
NY,905,K,$0.40
NY,905,L,$0.40
NY,905,M,$0.40
NY,905,N,$0.50
NY,905,Oa,$0.75
NY,905,Ob,$0.75
NY,905,P,$0.75
NY,905,Q,$0.75
NY,905,R,$0.75
NY,905,S,$0.75
NY,905,T,$0.75
NY,945,A,$10.00
NY,945,D,$1.00
NY,945,F,$0.75
NY,945,G,$0.25
NY,955,A,$1.50
NY,980,B,$0.75
NY,980,C,$0.75
NY,995,A,$0.25
NY,995,B,$3.50
NY,995,C,$2.00
NY,1000,D,$5.00
OH,10,D,$2.50
OH,10,G,$0.25
OH,10,P,$0.25
OH,10,Q,$0.25
OH,10,R,$0.25
OH,10,U,$0.35
OH,10,V,$0.35
OH,10,W,$0.50
OH,15,C,$0.25
OH,15,F,$4.00
OH,25,A,$2.50
OH,30,C,$0.25
OH,30,D,$0.50
OH,30,E,$0.35
OH,80,A,$1.00
OH,125,A,$2.00
OH,125,K,$0.25
OH,125,M,$0.25
OH,125,N,$0.25
OH,125,O,$0.25
OH,165,Xa,$0.75
OH,165,Xb,$0.75
OH,165,Y,$1.00
OH,165,Z,$0.35
OH,165,AE,$1.00
OH,165,AI,$0.65
OH,165,AJ,$0.75
OH,165,AL,$0.60
OH,165,AM,$1.50
OH,165,AQ,$1.00
OH,175,W,$7.00
OH,175,AA,$1.00
OH,175,AC,$0.50
OH,175,AF,$6.00
OH,200,D,$0.25
OH,230,L,$0.35
OH,230,M,$5.00
OH,230,O,$1.00
OH,230,AJ,$0.25
OH,230,AK,$0.80
OH,230,AL,$0.50
OH,230,AP,$1.00
OH,290,B,$0.25
OH,330,A,$0.25
OH,355,A,$0.50
OH,355,B,$0.50
OH,380,A,$2.00
OH,380,B,$1.50
OH,380,C,$5.00
OH,385,A,$0.25
OH,385,B,$0.25
OH,425,A,$0.75
OH,425,G,$5.00
OH,435,A,$1.50
OH,435,B,$0.25
OH,440,B,$10.00
OH,440,C,$1.00
OH,440,N,$3.00
OH,450,C,$0.25
OH,450,E,$0.35
OH,450,F,$0.25
OH,450,G,$0.50
OH,450,H,$0.35
OH,450,I,$0.50
OH,465,D,$1.00
OH,465,E,$0.50
OH,475,D-28,$10.00
OH,475,G,$0.25
OH,475,I,$3.50
OH,475,J,$0.25
OH,475,L,$0.35
OH,505,A,$7.50
OH,505,B,$0.25
OH,505,D,$0.25
OH,505,E,$0.35
OH,505,F,$0.25
OH,505,L,$0.50
OH,505,M,$0.50
OH,505,N,$0.50
OH,505,O,$0.75
OH,505,P,$0.75
OH,505,Q,$0.75
OH,505,R,$0.75
OH,505,S,$0.75
OH,505,T,$0.75
OH,505,U,$0.75
OH,505,V,$0.75
OH,505,W,$0.75
OH,505,X,$1.50
OH,505,Y,$1.50
OH,505,Z,$1.50
OH,505,AC,$1.00
OH,520,F,$3.00
OH,520,G,$0.35
OH,535,C,$1.50
OH,535,Ea,$0.35
OH,552,C,$3.00
OH,552,D,$2.00
OH,552,E,$2.00
OH,552,F,$0.75
OH,552,H,$3.00
OH,560,Bc,$0.50
OH,605,A,$2.00
OH,605,B,$1.00
OH,605,C,$1.00
OH,605,E,$1.50
OH,605,F,$1.50
OH,730,G,$1.20
OH,735,A,$3.00
OH,745,G,$0.25
OH,750,A,$5.00
OH,752,B,$3.00
OH,770,A,$0.25
OH,770,B,$0.25
OH,815,A,$0.25
OH,815,I,$0.75
OH,815,J,$2.50
OH,830,C,$0.25
OH,830,D,$0.25
OH,830,E,$0.25
OH,830,F,$0.25
OH,835,A,$0.60
OH,850,A,$1.50
OH,860,A,$0.75
OH,860,D,$0.25
OH,860,E,$0.25
OH,860,F,$0.25
OH,860,G,$0.25
OH,860,H,$0.25
OH,860,I,$0.25
OH,860,K,$2.50
OH,860,L,$2.50
OH,860,M,$0.25
OH,860,N,$0.25
OH,860,O,$0.25
OH,860,Q,$0.50
OH,860,T,$0.80
OH,870,E,$0.60
OH,895,C,$1.50
OH,915,D,$0.35
OH,915,E,$0.35
OH,915,H,$0.25
OH,975,Ab,$0.50
OH,985,A,$0.50
OH,985,B,$0.25
OH,985,D,$1.50
OH,990,A,$0.75
OH,990,B,$0.25
OH,1000,K,$1.00
OH,1000,O,$5.00
OH,1000,P,$5.00
OH,1000,S,$1.00
OK,180,A,$2.00
OK,280,B,$2.00
OK,280,C,$2.00
OK,280,D,$2.00
OK,320,B,$3.50
OK,380,A,$5.00
OK,510,A,$1.00
OK,590,C,$2.00
OK,640,A,$6.50
OK,640,C,$0.35
OK,640,D,$0.35
OK,640,E,$0.35
OK,640,F,$0.35
OK,660,B,$1.00
OK,700,E,$1.50
OK,800,C,$1.00
OK,800,E,$1.00
OK,810,A,$1.00
OK,860,E,$1.00
OK,860,H,$0.50
OK,860,O,$0.50
OK,860,Q,$2.00
OK,860,U,$1.00
OK,860,X,$1.50
OK,860,Y,$1.50
OK,860,Z,$3.00
OR,20,F,$2.00
OR,20,G,$2.00
OR,60,C,$1.00
OR,100,A,$5.00
OR,130,C,$7.50
OR,130,D,$4.00
OR,160,B,$3.00
OR,160,J,$1.50
OR,240,B,$5.00
OR,240,D,$0.50
OR,240,E,$0.80
OR,240,F,$0.65
OR,240,G,$0.80
OR,240,H,$0.50
OR,240,J,$0.65
OR,240,K,$0.80
OR,240,L,$1.00
OR,240,M,$0.50
OR,240,N,$1.50
OR,240,O,$0.50
OR,400,C,$0.50
OR,400,D,$0.50
OR,400,E,$0.75
OR,400,F,$0.50
OR,400,H,$2.50
OR,520,B,$0.50
OR,700,E,$3.00
OR,700,F,$5.00
OR,700,G,$0.25
OR,700,H,$0.25
OR,700,I,$0.25
OR,700,O,$0.25
OR,700,N,$0.25
OR,700,Tb,$3.00
OR,700,AA,$1.00
OR,800,D,$1.50
OR,800,E,$1.50
OR,800,F,$1.50
OR,800,G,$1.50
OR,800,L,$1.50
OR,800,Q,$1.50
OR,800,R,$1.50
OR,820,A,$1.00
OR,900,A,$1.00
PR,640,A,$0.25
PR,640,D,$0.35
PR,640,H,$0.25
PA,10,B,$0.75
PA,10,C,$0.35
PA,10,D,$0.35
PA,10,Ea,$0.75
PA,10,Eb,$0.75
PA,10,F,$0.75
PA,15,F,$2.00
PA,15,G,$0.25
PA,15,H,$0.25
PA,15,I,$0.25
PA,15,K,$2.00
PA,15,M,$4.00
PA,15,O,$2.00
PA,15,Q,$0.35
PA,15,R,$0.35
PA,20,B,$1.00
PA,20,C,$1.00
PA,25,C,$4.00
PA,25,D,$1.00
PA,25,E,$0.35
PA,65,C,$3.00
PA,65,D,$1.50
PA,65,H,$10.00
PA,65,K,$2.00
PA,65,N,$2.00
PA,65,Q,$1.50
PA,65,R,$0.25
PA,65,S,$0.25
PA,70,A,$0.25
PA,70,B,$0.25
PA,70,C,$0.25
PA,85,A,$10.00
PA,85,B,$0.25
PA,105,A,$0.50
PA,105,B,$0.50
PA,110,A,$0.75
PA,110,B,$0.35
PA,125,B,$1.50
PA,135,A,$7.50
PA,135,B,$20.00
PA,142,A,$1.00
PA,142,C,$1.50
PA,142,E,$1.50
PA,142,F,$1.50
PA,142,G,$1.50
PA,142,H,$1.50
PA,150,A,$15.00
PA,150,B,$17.50
PA,155,A,$0.75
PA,165,F,$1.00
PA,165,G,$2.00
PA,165,I,$2.00
PA,175,A,$4.50
PA,175,C,$0.50
PA,175,D,$0.75
PA,175,E,$2.00
PA,180,A,$2.00
PA,180,B,$0.50
PA,180,C,$1.50
PA,180,D,$3.50
PA,180,F,$0.25
PA,180,J,$0.50
PA,190,A,$0.25
PA,190,B,$0.25
PA,190,C,$0.35
PA,195,C,$5.00
PA,195,H,$0.50
PA,195,L,$8.50
PA,195,M,$0.35
PA,200,A,$0.25
PA,200,B,$0.25
PA,200,C,$0.25
PA,235,A,$0.75
PA,263,A,$0.25
PA,263,B,$0.25
PA,263,C,$0.25
PA,263,D,$0.25
PA,265,A,$1.00
PA,293,A,$1.50
PA,293,B,$2.10
PA,293,C,$1.50
PA,295,A,$7.50
PA,305,B,$1.00
PA,305,E,$0.25
PA,310,A-2,$150.00
PA,315,A,$100.00
PA,320,A,$7.50
PA,325,A,$4.00
PA,325,B,$1.00
PA,325,E,$1.00
PA,340,C,$1.00
PA,340,D,$1.00
PA,340,E,$0.50
PA,360,A,$3.50
PA,360,B,$2.00
PA,360,C,$2.00
PA,360,D,$0.50
PA,360,E,$0.35
PA,375,A,$0.35
PA,420,A,$2.00
PA,420,B,$0.50
PA,440,A,$3.00
PA,440,C,$2.50
PA,445,A,$1.00
PA,445,B,$1.00
PA,445,C,$60.00
PA,455,A,$6.50
PA,455,C,$0.25
PA,455,D,$0.50
PA,455,G,$2.00
PA,455,H,$1.00
PA,458,A,$7.50
PA,460,B,$7.50
PA,463,A,$0.75
PA,465,A,$1.00
PA,485,A,$1.50
PA,490,A,$10.00
PA,495,G,$5.00
PA,495,H,$5.00
PA,495,I,$3.50
PA,495,L,$3.00
PA,495,M,$0.25
PA,495,N,$3.50
PA,495,O,$0.35
PA,495,P,$2.50
PA,495,Q,$1.00
PA,495,S,$1.00
PA,495,V,$0.60
PA,495,Y,$0.60
PA,495,Z,$0.60
PA,495,AB,$0.75
PA,515,B,$12.00
PA,525,A,$2.50
PA,525,B,$0.25
PA,525,C,$0.25
PA,525,D,$0.25
PA,525,E,$0.25
PA,525,F,$0.75
PA,525,G,$0.75
PA,525,H,$2.00
PA,525,J,$1.00
PA,525,M,$4.50
PA,525,N,$5.00
PA,525,O,$7.00
PA,525,P,$3.50
PA,545,A,$0.50
PA,555,A,$1.00
PA,565,A,$0.25
PA,565,B,$0.25
PA,565,C,$0.25
PA,565,D,$0.25
PA,565,E,$0.25
PA,570,A,$0.50
PA,585,Ab,$12.50
PA,590,A,$0.25
PA,590,B,$0.25
PA,595,B,$7.50
PA,605,D,$8.50
PA,605,E,$1.00
PA,605,F,$1.00
PA,605,G,$0.25
PA,605,H,$0.50
PA,605,I,$6.00
PA,605,J,$0.35
PA,605,K,$0.25
PA,605,L,$0.25
PA,605,M,$0.25
PA,605,N,$0.25
PA,615,A,$0.25
PA,615,B,$0.25
PA,615,C,$0.25
PA,615,D,$0.65
PA,615,E,$0.65
PA,615,F,$0.65
PA,615,G,$0.65
PA,615,J,$0.50
PA,615,K,$0.65
PA,615,L,$0.65
PA,615,M,$0.65
PA,615,N,$0.75
PA,630,A,$5.00
PA,650,B,$10.00
PA,655,A,$7.50
PA,660,A,$0.50
PA,675,B,$0.50
PA,675,D,$2.00
PA,695,Aa,$0.25
PA,695,Ab,$0.25
PA,695,B,$0.25
PA,695,C,$0.25
PA,705,A,$0.25
PA,705,B,$0.25
PA,705,C,$0.25
PA,705,D,$3.50
PA,705,E,$0.50
PA,720,A,$3.50
PA,723,A,$1.00
PA,725,A,$25.00
PA,725,D,$7.50
PA,725,H,$10.00
PA,725,Ia,$0.50
PA,725,J,$0.25
PA,725,K,$1.00
PA,750,G,$25.00
PA,750,L,$35.00
PA,750,O,$30.00
PA,750,W,$1.00
PA,750,X,$1.00
PA,750,Y,$1.00
PA,750,Z,$10.00
PA,750,AA,$0.25
PA,750,AB,$1.50
PA,750,AE,$50.00
PA,750,AF,$0.25
PA,750,AG,$0.25
PA,750,AH,$0.25
PA,750,AI,$0.25
PA,750,AJ,$17.50
PA,750,AK,$1.00
PA,750,AL,$1.00
PA,750,AM,$1.00
PA,750,AN,$3.50
PA,750,AO,$0.25
PA,750,AP,$0.25
PA,750,AQ,$0.25
PA,750,AR,$0.25
PA,750,AS,$1.00
PA,750,AU,$17.50
PA,750,AW,$0.50
PA,750,AX,$0.75
PA,750,AY,$1.00
PA,750,AZ,$0.50
PA,750,BA,$3.50
PA,750,BB,$2.00
PA,750,BD,$1.50
PA,765,I,$85.00
PA,765,R,$50.00
PA,765,S,$50.00
PA,765,X,$0.25
PA,765,Y,$0.25
PA,765,Z,$0.25
PA,765,AA,$0.25
PA,765,AB,$0.25
PA,765,AC,$0.50
PA,765,AK,$2.00
PA,770,C,$35.00
PA,775,B,$0.35
PA,780,A,$1.00
PA,785,B,$0.50
PA,785,E,$0.50
PA,785,K,$0.85
PA,805,Aa,$0.60
PA,805,C,$0.50
PA,810,A,$5.00
PA,815,A,$3.50
PA,840,E,$0.50
PA,840,F,$0.50
PA,840,G,$0.50
PA,840,H,$0.50
PA,850,Aa,$0.25
PA,850,B,$0.25
PA,850,C,$0.25
PA,860,A,$7.50
PA,865,A,$0.75
PA,865,B,$1.25
PA,870,A,$2.00
PA,870,C,$2.00
PA,875,B,$2.00
PA,920,A,$1.00
PA,930,A,$1.00
PA,930,B,$2.00
PA,930,C,$0.50
PA,930,D,$0.50
PA,930,E,$1.00
PA,930,F,$0.50
PA,935,A,$0.35
PA,935,B,$0.35
PA,940,B,$0.25
PA,945,A,$0.75
PA,945,C,$1.00
PA,950,B,$5.00
PA,950,F,$20.00
PA,950,G,$1.00
PA,950,H,$0.75
PA,950,I,$1.00
PA,950,Ja,$2.00
PA,950,Jb,$2.50
PA,950,K,$1.50
PA,965,Ca,$15.00
PA,980,A,$0.50
PA,985,D,$0.50
PA,985,E,$0.35
PA,985,F,$0.50
PA,985,G,$0.75
PA,985,H,$0.50
PA,985,J,$1.25
PA,985,K,$1.10
PA,990,A,$0.35
PA,990,B,$0.25
PA,990,C,$3.50
PA,990,D,$2.00
PA,990,E,$1.50
PA,995,A,$0.25
PA,995,B,$2.00
PA,995,C,$0.25
PA,995,D,$0.25
PA,997,A,$3.50
PA,997,B,$3.50
PA,997,E,$4.00
PA,997,H,$4.00
PA,997,J,$4.00
PA,997,N,$2.50
PA,998,W,$2.00
PA,998,X,$2.00
PA,1000,D,$1.00
PA,1000,I,$1.00
RI,120,A,$0.25
RI,120,B,$0.25
RI,520,A,$0.35
RI,521,G,$2.00
RI,521,H,$2.00
RI,521,I,$2.00
RI,521,K,$4.00
RI,521,L,$2.50
RI,521,M,$2.50
RI,521,N,$2.00
RI,521,O,$2.00
RI,521,P,$2.00
RI,521,Q,$2.00
RI,700,E,$0.25
RI,700,F,$0.50
RI,700,G,$1.00
RI,700,K,$1.00
RI,700,M,$2.00
RI,700,S,$1.00
SC,20,A,$1.00
SC,40,A,$1.00
SC,190,B,$0.50
SC,240,A,$0.50
SC,240,B,$0.35
SC,310,B,$8.50
SC,310,D,$0.50
SC,310,E,$0.50
SC,310,F,$0.25
SC,310,G,$0.50
SC,310,Ha,$0.35
SC,310,I,$0.50
SC,430,D,$0.35
SC,490,A,$0.25
SC,730,A,$0.50
SC,840,A,$0.25
SC,840,B,$0.25
SD,100,B,$5.00
SD,100,C,$2.00
SD,260,D,$2.00
SD,260,F,$1.00
SD,480,A,$0.50
SD,680,A,$1.00
SD,680,B,$2.00
SD,780,C,$0.50
SD,840,A,$0.25
SD,840,B,$0.25
SD,840,C,$0.25
SD,840,D,$0.25
SD,840,E,$0.25
SD,860,C,$2.50
SD,860,D,$3.50
SD,950,A,$3.00
SD,950,B,$2.00
SD,950,C,$2.70
SD,950,D,$2.65
SD,950,E,$2.65
SD,998,E,$1.00
TN,75,B,$0.50
TN,75,D,$0.50
TN,75,E,$0.50
TN,75,H,$1.50
TN,120,D,$1.00
TN,120,E,$0.75
TN,120,I,$0.50
TN,120,J,$0.50
TN,160,A,$0.50
TN,320,A,$0.50
TN,320,B,$0.50
TN,320,C,$0.50
TN,320,D,$0.50
TN,375,A,$50.00
TN,400,Cb,$0.25
TN,400,D,$1.50
TN,400,F,$3.00
TN,415,D,$0.75
TN,415,G,$1.00
TN,430,Lb,$1.00
TN,430,N,$1.00
TN,430,O,$1.00
TN,430,P,$0.25
TN,430,Q,$0.75
TN,430,R,$0.35
TN,430,S,$0.25
TN,430,T,$0.50
TN,430,U,$0.25
TN,430,Y,$2.00
TN,430,Z,$1.00
TN,430,AA,$10.00
TN,430,AB,$1.50
TN,540,A,$1.00
TN,540,B,$0.75
TN,600,F,$0.75
TN,600,H,$0.50
TN,600,Q,$1.00
TN,690,E,$0.35
TN,690,I,$0.50
TN,690,J,$0.35
TN,690,N,$2.00
TN,690,O,$2.00
TN,690,P,$2.00
TN,710,A,$1.00
TN,775,A,$0.25
TN,775,B,$0.25
TX,5,C,$0.25
TX,30,D,$0.35
TX,40,A,$1.00
TX,40,C,$1.00
TX,50,B,$0.35
TX,50,C,$3.00
TX,50,G,$0.25
TX,50,H,$0.25
TX,50,I,$0.25
TX,50,J,$0.25
TX,50,K,$0.25
TX,50,L,$0.25
TX,50,T,$0.25
TX,65,I,$0.50
TX,135,D,$3.50
TX,145,A,$3.50
TX,220,A,$0.35
TX,255,B,$0.25
TX,255,H,$0.25
TX,255,I,$0.25
TX,255,J,$0.25
TX,255,Q,$20.00
TX,255,T,$1.00
TX,255,U,$1.00
TX,255,AA,$2.00
TX,255,AB,$2.00
TX,255,AD,$2.00
TX,255,AE,$2.50
TX,255,AF,$2.00
TX,270,A,$1.50
TX,275,B,$1.00
TX,275,D,$1.00
TX,275,E,$1.00
TX,320,E,$0.25
TX,320,I,$0.75
TX,320,K,$2.50
TX,340,I,$0.25
TX,340,J,$0.25
TX,340,K,$0.25
TX,340,L,$0.25
TX,340,N,$0.25
TX,340,O,$0.25
TX,340,R,$6.00
TX,340,S,$2.50
TX,340,V,$1.00
TX,340,W,$2.00
TX,350,A,$1.00
TX,350,C,$2.00
TX,350,D,$2.00
TX,350,F,$2.50
TX,360,I,$0.60
TX,360,J,$0.60
TX,365,A,$2.00
TX,445,B,$0.25
TX,445,C,$0.25
TX,445,D,$0.25
TX,445,E,$0.25
TX,445,J,$3.00
TX,445,K,$0.25
TX,445,L,$0.35
TX,445,Q,$2.50
TX,445,R,$1.50
TX,445,S,$1.00
TX,445,T,$2.00
TX,445,U,$2.00
TX,445,V,$2.00
TX,445,W,$2.00
TX,445,X,$2.00
TX,445,Y,$2.00
TX,445,AB,$2.00
TX,445,AC,$2.00
TX,455,A,$1.00
TX,502,D,$0.50
TX,565,C,$0.50
TX,630,B,$0.50
TX,710,F,$0.50
TX,760,F,$0.50
TX,810,C,$0.25
TX,810,D,$0.25
TX,810,E,$0.25
TX,810,F,$0.25
TX,810,R,$0.25
TX,810,S,$0.40
TX,810,U,$0.50
TX,810,V,$0.50
TX,810,AD,$1.00
TX,810,AE,$0.40
TX,810,AF,$2.00
TX,810,AG,$2.00
TX,810,AH,$0.50
TX,810,AI,$0.50
TX,810,AJ,$0.50
TX,810,AR,$5.00
TX,810,AS,$2.50
TX,920,A,$2.00
TX,925,A,$0.25
TX,945,A,$1.00
TX,950,E,$0.25
TX,985,D,$0.25
TX,985,E,$0.25
TX,985,F,$0.35
TX,1000,F,$1.50
UT,300,A,$10.00
UT,400,A,$0.50
UT,400,C,$1.00
UT,525,C,$0.50
UT,525,D,$0.50
UT,525,E,$0.25
UT,750,F,$0.50
UT,750,G,$0.50
UT,750,K,$0.50
UT,750,P,$0.50
UT,750,S,$0.35
UT,750,T,$1.25
UT,750,U,$1.25
UT,750,V,$1.25
UT,750,W,$1.25
UT,750,X,$10.00
VT,150,J,$0.75
VT,150,K,$0.50
VT,150,L,$0.25
VT,180,D,$0.35
VT,520,A,$7.50
VT,680,A,$6.00
VT,700,A,$3.00
VT,700,B,$3.50
VT,700,D,$3.00
VA,20,C,$0.25
VA,20,K,$0.50
VA,20,L,$0.75
VA,20,O,$3.00
VA,65,C,$0.75
VA,65,D,$0.50
VA,65,E,$1.25
VA,65,F,$0.75
VA,210,A,$0.25
VA,210,B,$0.25
VA,210,C,$0.25
VA,210,D,$0.25
VA,210,E,$0.25
VA,210,G,$0.25
VA,260,B,$0.50
VA,280,A,$0.25
VA,470,B,$0.50
VA,470,C,$0.50
VA,470,G,$0.50
VA,470,H,$0.50
VA,470,I,$0.50
VA,500,D,$0.35
VA,500,F,$0.25
VA,500,G,$0.25
VA,530,B,$3.50
VA,560,A,$0.25
VA,560,B,$0.35
VA,580,E,$0.35
VA,580,F,$0.35
VA,580,G,$0.25
VA,580,H,$0.25
VA,580,I,$0.25
VA,580,J,$0.25
VA,580,K,$0.25
VA,580,M,$0.25
VA,580,N,$0.25
VA,580,O,$7.50
VA,580,S,$0.50
VA,580,U,$10.00
VA,600,A,$2.50
VA,600,C,$4.00
VA,600,F,$3.00
VA,600,I,$3.50
VA,600,J,$3.50
VA,660,C,$0.35
VA,660,D,$0.35
VA,660,E,$0.35
VA,660,F,$0.35
VA,660,G,$0.35
VA,710,B,$0.75
VA,720,B,$7.50
VA,720,C,$8.00
VA,720,E,$1.00
VA,720,G,$0.25
VA,720,J,$0.35
VA,730,C,$0.25
VA,730,D,$0.25
VA,730,F,$0.35
VA,895,F,$0.50
VA,900,A,$0.25
VA,985,E,$5.00
VA,985,F,$2.00
VA,985,G,$0.75
VA,985,H,$0.35
VA,985,I,$0.75
VA,997,A,$0.50
WV,100,C,$0.25
WV,140,A,$0.25
WV,140,B,$0.25
WV,180,A,$1.50
WV,200,A,$2.00
WV,200,C,$0.50
WV,240,B,$0.25
WV,290,A,$1.00
WV,290,E,$0.35
WV,290,F,$0.50
WV,290,G,$0.35
WV,480,D,$0.75
WV,590,A,$0.25
WV,590,B,$0.35
WV,790,A,$0.75
WV,850,A,$0.50
WI,30,A,$1.00
WI,30,D,$0.35
WI,30,E,$0.35
WI,40,E,$1.00
WI,70,B,$0.25
WI,70,C,$0.35
WI,70,D,$0.35
WI,70,E,$1.00
WI,180,F,$0.50
WI,180,G,$0.50
WI,220,A,$2.50
WI,220,B,$2.00
WI,220,C,$0.50
WI,220,D,$0.50
WI,220,E,$7.50
WI,220,F,$1.50
WI,220,G,$1.50
WI,220,P,$0.50
WI,220,T,$0.50
WI,220,U,$0.75
WI,230,A,$5.00
WI,250,C,$1.00
WI,250,E,$1.50
WI,250,F,$8.00
WI,270,H,$1.15
WI,270,I,$1.15
WI,300,B,$1.50
WI,300,C,$0.25
WI,300,D,$1.00
WI,300,E,$1.50
WI,300,G,$0.85
WI,330,B,$1.00
WI,330,D,$0.25
WI,330,E,$0.25
WI,330,F,$0.25
WI,330,G,$0.40
WI,330,I,$0.75
WI,360,D,$0.35
WI,360,E,$0.25
WI,360,H,$0.25
WI,360,I,$0.25
WI,360,J,$0.25
WI,360,K,$0.35
WI,370,A,$1.00
WI,410,G,$0.75
WI,410,H,$0.25
WI,410,I,$0.25
WI,410,K,$0.35
WI,410,L,$0.60
WI,410,M,$3.00
WI,410,N,$1.50
WI,420,J,$0.50
WI,430,A,$0.25
WI,440,E,$0.50
WI,440,H,$20.00
WI,490,D,$3.00
WI,500,G,$3.00
WI,500,H,$2.00
WI,500,I,$1.00
WI,500,J,$2.00
WI,620,B,$0.50
WI,620,C,$0.75
WI,620,D,$0.75
WI,620,F,$0.35
WI,620,H,$0.50
WI,620,I,$0.50
WI,700,D,$1.00
WI,700,F,$0.25
WI,700,I,$0.35
WI,700,K,$0.60
WI,700,L,$0.60
WI,700,M,$1.00
WI,700,N,$0.50
WI,730,A,$0.70
WI,730,B,$0.50
WI,730,C,$0.40
WI,730,D,$0.40
WI,730,E,$0.25
WI,790,K,$0.25
WI,790,L,$2.00
WI,790,O,$0.35
WI,790,P,$0.60
WI,790,Q,$0.75
WI,790,S,$0.75
WI,790,T,$1.00
WI,790,U,$1.30
WI,790,W,$2.50
WI,825,J,$0.50
WI,825,K,$0.50
WI,825,L,$0.50
WI,850,B,$0.50
WI,915,A,$0.50
WI,915,B,$0.50
WI,915,C,$0.50
WI,915,D,$0.50
WI,915,E,$0.50
WI,920,G,$1.00
WI,920,H,$0.50
WI,930,E,$1.00
WI,940,C,$0.25
WI,940,D,$0.25
WI,940,E,$0.35
WI,940,H,$1.00
WA,5,B,$1.00
WA,5,C,$0.25
WA,5,E,$0.25
WA,40,A,$0.35
WA,40,C,$3.00
WA,40,H,$0.25
WA,40,I,$0.25
WA,40,J,$0.25
WA,40,L,$0.25
WA,40,M,$0.25
WA,40,O,$0.25
WA,80,D,$2.00
WA,80,E,$0.25
WA,80,F,$0.25
WA,80,G,$0.25
WA,80,H,$0.25
WA,80,I,$0.25
WA,80,N,$0.50
WA,80,O,$0.50
WA,80,P,$0.50
WA,80,Q,$1.00
WA,180,A,$0.75
WA,300,B,$0.35
WA,300,H,$0.25
WA,440,A,$1.00
WA,440,B,$2.00
WA,441,C,$2.00
WA,442,D,$2.00
WA,443,E,$2.00
WA,444,F,$2.00
WA,480,B,$0.25
WA,480,D,$0.25
WA,600,A,$0.50
WA,600,B,$0.50
WA,600,D,$0.25
WA,600,E,$0.25
WA,600,F,$0.25
WA,600,G,$0.25
WA,680,A,$0.35
WA,740,B,$1.00
WA,780,B,$0.50
WA,780,C,$0.35
WA,780,E,$0.35
WA,780,F,$0.50
WA,780,K,$2.50
WA,780,M,$0.25
WA,780,N,$0.25
WA,780,O,$0.25
WA,780,P,$0.25
WA,780,Q,$0.25
WA,780,R,$0.25
WA,780,T,$0.50
WA,780,W,$7.50
WA,800,A,$0.75
WA,840,D,$0.50
WA,840,E,$0.50
WA,840,F,$0.25
WA,840,H,$0.25
WA,840,O,$0.25
WA,840,P,$0.25
WA,840,Q,$0.25
WA,840,W,$0.75
WA,880,B,$0.35
WA,880,C,$0.25
WA,880,D,$0.25
WA,880,E,$0.25
WA,880,F,$3.00
WA,880,P,$0.35
WA,880,Q,$1.00
WA,920,A,$0.25
WA,920,B,$0.25
WA,920,C,$0.25
WA,920,D,$0.25
WA,940,A,$1.50
WA,940,B,$1.50
WA,940,C,$1.50
WA,970,C,$0.50
WA,970,D,$0.50
WA,990,A,$1.50
WA,990,E,$9.00
WA,1000,B,$1.00
WY,750,B,$2.00
AB,60,A,$3.00
BC,800,A,$0.25
NB,750,B,$0.25
NS,75,D,$2.00
NS,100,B,$0.35
ON,400,Cb,$0.25
ON,675,F,$2.00
ON,900,A,$2.00
ON,900,B,$2.00
ON,900,F,$2.00
PI,500,C,$1.50
PI,500,D,$1.00
PQ,200,Aa,$0.25
PQ,345,G,$0.25
PQ,620,ABc,$1.00
PQ,620,W,$1.00
PQ,950,C,$0.25
PQ,970,A,$0.50
PQ,970,C,$0.50
PP,,AE,$45.00
PP,,Z,$35.00
FF,,IN2,$2.00
FF,,IN3,$2.00
FF,,IN4,$2.00
CC,MA,CT4,$3.50
CC,NY,CT1,$7.50
CC,NY,CT2,$7.50
